rate_id,service_type,locale,buy_rate,currency,unit,effective_from,updated_by
49739735-efce-4d27-9d64-589f1d873c64,translation,en-US,0.0954,USD,per_word,2026-01-28,00000000-0000-0000-0000-00000000002d
581a36dc-1f0f-4159-997d-47cde903a4de,translation,en-GB,0.0943,USD,per_word,2024-11-05,00000000-0000-0000-0000-000000000029
d825c512-c90c-4168-bb39-1d76c9fbffc6,translation,en-CA,0.0804,USD,per_word,2025-09-03,00000000-0000-0000-0000-00000000002b
1889e08a-163b-4621-8d14-225a1d0a412b,translation,en-AU,0.0852,USD,per_word,2025-06-28,00000000-0000-0000-0000-000000000029
92125344-8236-4dba-8672-922cca596871,translation,en-IN,0.0532,USD,per_word,2026-01-19,00000000-0000-0000-0000-00000000002a
6b951982-3d6a-44df-8e6a-7988d4bbd884,translation,fr-FR,0.0974,USD,per_word,2025-10-01,00000000-0000-0000-0000-000000000032
2776d984-4fc1-41ce-9def-0d9fc26d0ed7,translation,fr-CA,0.0925,USD,per_word,2025-04-10,00000000-0000-0000-0000-00000000002b
04cb69c0-efbe-4dce-9ea2-f943f422d3d2,translation,de-DE,0.0982,USD,per_word,2025-02-04,00000000-0000-0000-0000-00000000002c
452ef590-b9bf-416e-a66e-25b28b0db61a,translation,de-AT,0.0898,USD,per_word,2025-07-11,00000000-0000-0000-0000-00000000002c
9b633fcc-89c2-412a-b03c-e159dca062bb,translation,es-ES,0.0788,USD,per_word,2025-09-28,00000000-0000-0000-0000-000000000031
f3ec86b9-36c2-49ce-8aec-6a0d917af431,translation,es-MX,0.0628,USD,per_word,2024-10-17,00000000-0000-0000-0000-000000000029
ac09cff8-3f92-45cc-aa4d-975ada9d8294,translation,es-AR,0.0631,USD,per_word,2025-02-20,00000000-0000-0000-0000-000000000031
1ed48571-3ce3-4d7a-8aee-343dca728d64,translation,it-IT,0.0906,USD,per_word,2025-10-06,00000000-0000-0000-0000-00000000002a
45f7457a-a08e-4956-b7f9-105a822db816,translation,pt-PT,0.082,USD,per_word,2025-05-31,00000000-0000-0000-0000-000000000029
76c277ae-40b0-4056-ae3b-eecbd461a43f,translation,pt-BR,0.0673,USD,per_word,2025-09-03,00000000-0000-0000-0000-00000000002b
b303b2d1-c892-4a46-a8f7-2039163da1aa,translation,nl-NL,0.0932,USD,per_word,2025-12-17,00000000-0000-0000-0000-000000000031
586620b0-9b1e-4f83-a42b-16bb13273f9e,translation,pl-PL,0.0738,USD,per_word,2025-08-27,00000000-0000-0000-0000-00000000002d
cf8f8a09-9ee3-4c21-9409-0f9a1d59d3a9,translation,ru-RU,0.07,USD,per_word,2025-11-14,00000000-0000-0000-0000-000000000029
4363888c-0e76-4155-ad5e-910cc650321c,translation,sv-SE,0.0941,USD,per_word,2025-07-02,00000000-0000-0000-0000-00000000002b
168ecf5e-6d09-4f66-b96c-03b439f139ca,translation,da-DK,0.094,USD,per_word,2025-05-25,00000000-0000-0000-0000-00000000002c
d4e652b9-0aa1-4115-83c5-deced26b241b,translation,fi-FI,0.0923,USD,per_word,2025-11-18,00000000-0000-0000-0000-000000000029
57a91d1f-8efa-428c-8464-9824b96461f3,translation,no-NO,0.0968,USD,per_word,2025-08-30,00000000-0000-0000-0000-00000000002a
4b102fe0-da72-4c3d-a5d3-c3b822f1f4bc,translation,cs-CZ,0.0774,USD,per_word,2026-01-18,00000000-0000-0000-0000-000000000029
870defd9-ed2b-4e16-a1a7-d4ff39e44b2c,translation,tr-TR,0.0596,USD,per_word,2025-06-06,00000000-0000-0000-0000-00000000002b
43bd3077-8a3a-4917-8b66-dc54f795eaa5,translation,el-GR,0.0753,USD,per_word,2024-10-31,00000000-0000-0000-0000-00000000002c
9ab0c617-0d2a-4f3c-90dd-6feda3ed7c60,translation,zh-CN,0.0824,USD,per_word,2025-02-13,00000000-0000-0000-0000-000000000029
145876cd-b5e1-4a40-b131-30568a7658f7,translation,zh-TW,0.0782,USD,per_word,2025-09-22,00000000-0000-0000-0000-000000000031
ada52146-6a0d-462b-ab1d-e2e9e9e09924,translation,ko-KR,0.1071,USD,per_word,2024-12-19,00000000-0000-0000-0000-00000000002c
2c960e85-9846-46af-a157-e0c03bce5821,translation,th-TH,0.0629,USD,per_word,2025-07-24,00000000-0000-0000-0000-000000000031
2449e548-2fa2-4dad-b32b-7c513a5b4c98,translation,vi-VN,0.0515,USD,per_word,2024-10-30,00000000-0000-0000-0000-00000000002d
3259db9d-3158-45a9-afaf-592e4e0a082b,translation,hi-IN,0.045,USD,per_word,2025-12-11,00000000-0000-0000-0000-00000000002a
43d96a7a-d5f3-48da-b912-c272b77f6159,translation,ta-IN,0.0483,USD,per_word,2024-11-11,00000000-0000-0000-0000-000000000029
392a411c-3381-4d4d-8ebb-b085317de6db,translation,id-ID,0.0503,USD,per_word,2025-09-11,00000000-0000-0000-0000-000000000029
ad9cfa3e-02b7-446a-8329-eeb5d49e4e92,translation,ms-MY,0.0507,USD,per_word,2025-12-30,00000000-0000-0000-0000-00000000002a
81dc80d1-dd77-4d3b-af35-035af6acfab0,translation,ar-SA,0.0868,USD,per_word,2025-08-14,00000000-0000-0000-0000-00000000002d
e5b9689a-be05-438a-9a77-545b20f4d793,translation,ar-AE,0.0866,USD,per_word,2025-06-25,00000000-0000-0000-0000-000000000032
5121678e-d365-4f4f-a06f-2333744bf790,translation,he-IL,0.1029,USD,per_word,2025-10-02,00000000-0000-0000-0000-000000000032
3f3418e8-274c-4ede-ba9c-5728ad9488e7,proofreading,en-US,0.0393,USD,per_word,2025-09-09,00000000-0000-0000-0000-000000000031
0f3e9c3c-7a71-4881-85a1-ed0e8ee67d11,proofreading,en-GB,0.0408,USD,per_word,2025-10-20,00000000-0000-0000-0000-00000000002d
2b0fbf35-f3fa-44fb-a50f-57c62853ec43,proofreading,en-CA,0.0387,USD,per_word,2025-07-16,00000000-0000-0000-0000-00000000002d
c6a05ef0-e2d6-40d7-a235-b91c25fd01c8,proofreading,en-AU,0.0382,USD,per_word,2025-02-13,00000000-0000-0000-0000-00000000002c
9b368473-7074-4057-858c-a2fcaa33e0ff,proofreading,fr-FR,0.0445,USD,per_word,2025-04-08,00000000-0000-0000-0000-000000000032
2eef8509-5ca5-430d-87da-6e1937d6eba6,proofreading,fr-CA,0.0421,USD,per_word,2025-09-26,00000000-0000-0000-0000-000000000032
5a960820-1115-41c1-abf3-39055100172c,proofreading,de-DE,0.0474,USD,per_word,2025-08-31,00000000-0000-0000-0000-00000000002a
3c1fc8b1-4cb4-4c34-b1a2-e1b885256e5a,proofreading,de-AT,0.0454,USD,per_word,2025-03-03,00000000-0000-0000-0000-000000000031
455b0825-be06-42d4-8215-364d9119500c,proofreading,es-ES,0.0403,USD,per_word,2025-02-13,00000000-0000-0000-0000-00000000002d
02b19a51-9978-428c-9c38-b193086b4d18,proofreading,es-MX,0.0312,USD,per_word,2024-12-19,00000000-0000-0000-0000-000000000032
ea4bfee2-f710-44c1-ac21-bb7a75943e6f,proofreading,es-AR,0.0267,USD,per_word,2025-03-25,00000000-0000-0000-0000-00000000002c
1f8a3581-7253-42c7-a235-dca402072092,proofreading,it-IT,0.0423,USD,per_word,2025-06-16,00000000-0000-0000-0000-00000000002b
fad81b9a-5ea6-458c-b193-2d7c4d2b14f5,proofreading,pt-PT,0.0405,USD,per_word,2024-10-27,00000000-0000-0000-0000-00000000002d
5b6e6bb5-0694-4def-bcde-144278740f20,proofreading,pt-BR,0.0337,USD,per_word,2024-10-23,00000000-0000-0000-0000-00000000002d
f4641fbf-6e40-435e-b0cf-09b473eef5ff,proofreading,nl-NL,0.0395,USD,per_word,2025-02-12,00000000-0000-0000-0000-00000000002c
f1210bfc-1356-47ec-8041-839686bb2c5c,proofreading,pl-PL,0.0323,USD,per_word,2025-05-07,00000000-0000-0000-0000-00000000002a
5019775b-e79e-4fe1-8921-7c715ffd8fc2,proofreading,ru-RU,0.028,USD,per_word,2025-12-27,00000000-0000-0000-0000-000000000031
91cedae5-8ba9-4050-855d-e05e4fba507b,proofreading,sv-SE,0.0443,USD,per_word,2025-12-02,00000000-0000-0000-0000-000000000032
b0c9fd86-900a-4255-9219-056fc64f58de,proofreading,da-DK,0.0415,USD,per_word,2024-12-05,00000000-0000-0000-0000-00000000002d
b5eabc89-3d2e-4d18-af44-274703f52254,proofreading,fi-FI,0.0468,USD,per_word,2025-11-12,00000000-0000-0000-0000-000000000029
5f19af7e-aa57-4f53-ba56-f53e61831a9c,proofreading,no-NO,0.045,USD,per_word,2025-09-15,00000000-0000-0000-0000-00000000002c
7d086a00-55be-4cd1-9994-3ffdaec178be,proofreading,cs-CZ,0.0313,USD,per_word,2025-07-14,00000000-0000-0000-0000-000000000029
54a09d01-cf51-472a-a4ae-0d3358589770,proofreading,tr-TR,0.0285,USD,per_word,2024-12-19,00000000-0000-0000-0000-00000000002c
9e4427aa-67f2-4795-9a55-3d7bc33428b1,proofreading,el-GR,0.0366,USD,per_word,2025-11-20,00000000-0000-0000-0000-00000000002c
3e794530-6e28-4ea0-8abf-8cb01f2e15b8,proofreading,zh-CN,0.0314,USD,per_word,2025-10-13,00000000-0000-0000-0000-000000000032
2f65aa56-084e-4571-80fc-d227d216e092,proofreading,zh-TW,0.0355,USD,per_word,2025-09-08,00000000-0000-0000-0000-000000000029
3d5359f0-c48f-4a89-a331-15ff995757e2,proofreading,ja-JP,0.048,USD,per_word,2024-12-21,00000000-0000-0000-0000-000000000029
2e4da80b-54c0-4e41-842b-9b0c89eab0f2,proofreading,ko-KR,0.0451,USD,per_word,2024-10-20,00000000-0000-0000-0000-000000000029
5d1cf5bd-e141-4d81-b38e-26142971c65f,proofreading,th-TH,0.0248,USD,per_word,2026-01-14,00000000-0000-0000-0000-00000000002b
d13a54c5-a12f-45d2-a25c-1d74388fbf5c,proofreading,vi-VN,0.0231,USD,per_word,2025-12-21,00000000-0000-0000-0000-00000000002c
673f9978-e6e5-4ea2-8e7b-d3abecc5ddd5,proofreading,hi-IN,0.0205,USD,per_word,2025-04-23,00000000-0000-0000-0000-000000000032
50af7f78-3410-466f-b8a5-951170d4ea2e,proofreading,ta-IN,0.0186,USD,per_word,2025-10-31,00000000-0000-0000-0000-000000000032
2a9736d0-43b4-44f5-85cb-acd7e9489943,proofreading,id-ID,0.022,USD,per_word,2025-09-13,00000000-0000-0000-0000-000000000029
be398083-9888-4867-8296-e5cbfc6af0a6,proofreading,ms-MY,0.0257,USD,per_word,2024-11-29,00000000-0000-0000-0000-000000000032
c6dcbb7d-090c-46be-b654-d5793de6db18,proofreading,ar-SA,0.0408,USD,per_word,2025-02-13,00000000-0000-0000-0000-00000000002d
4d3d62b3-0a8f-4eda-938c-c39a3f78df16,proofreading,ar-AE,0.0376,USD,per_word,2025-10-09,00000000-0000-0000-0000-000000000029
fe1d2d0e-d264-4294-93c6-83e6f4b9cedf,proofreading,he-IL,0.0488,USD,per_word,2025-06-19,00000000-0000-0000-0000-00000000002d
fbc5ea1f-aad4-49da-9d5f-026125ec0c0f,transcreation,en-US,0.1822,USD,per_word,2025-02-08,00000000-0000-0000-0000-00000000002d
d5aaa508-0373-4824-bff8-585ebf9b396a,transcreation,en-GB,0.1739,USD,per_word,2026-01-17,00000000-0000-0000-0000-000000000029
3c3741fb-4f4a-4ce6-938b-6f8385ebf627,transcreation,en-CA,0.177,USD,per_word,2025-10-15,00000000-0000-0000-0000-000000000031
15290fcd-5f80-41ba-ba62-a37edfe42c92,transcreation,en-AU,0.1761,USD,per_word,2024-11-05,00000000-0000-0000-0000-000000000031
895ebe1a-b2ad-4952-ad76-d7ba744a9066,transcreation,fr-FR,0.1939,USD,per_word,2024-12-03,00000000-0000-0000-0000-000000000031
ca8400c1-a609-4488-8e42-6b11668ac5ce,transcreation,fr-CA,0.1802,USD,per_word,2025-09-07,00000000-0000-0000-0000-00000000002b
2811e1c0-b206-4516-9194-67240679275d,transcreation,de-DE,0.2042,USD,per_word,2025-07-11,00000000-0000-0000-0000-00000000002c
7df24cd3-9faf-4f0e-a1f5-e28a215c9cda,transcreation,de-AT,0.1995,USD,per_word,2025-04-13,00000000-0000-0000-0000-000000000031
791e3262-c687-4a50-966c-9125204e4c57,transcreation,es-ES,0.1621,USD,per_word,2025-07-19,00000000-0000-0000-0000-000000000032
329efa77-fada-4795-a66d-af97d670e698,transcreation,es-MX,0.1422,USD,per_word,2025-03-05,00000000-0000-0000-0000-000000000032
150f8ca0-d889-4873-9c52-168c1bc7e2b1,transcreation,es-AR,0.1318,USD,per_word,2025-08-07,00000000-0000-0000-0000-000000000031
0f596d4a-7f18-49eb-91ca-8b766f361986,transcreation,it-IT,0.1783,USD,per_word,2025-09-11,00000000-0000-0000-0000-00000000002c
4cc2b6da-4810-489c-b744-e9a3b5a25d0d,transcreation,pt-PT,0.179,USD,per_word,2026-02-04,00000000-0000-0000-0000-000000000029
a6285f65-2231-408f-949f-12fb1f4c0fbf,transcreation,pt-BR,0.1477,USD,per_word,2025-02-23,00000000-0000-0000-0000-00000000002a
2c58de12-4725-45e8-b11c-3830e913e8ef,transcreation,nl-NL,0.1926,USD,per_word,2024-11-17,00000000-0000-0000-0000-000000000029
178bf242-052a-41dc-933f-acd004680ea7,transcreation,ru-RU,0.1309,USD,per_word,2025-11-17,00000000-0000-0000-0000-00000000002c
3fc0fe74-f161-48f1-b30b-584a095c8359,transcreation,sv-SE,0.1836,USD,per_word,2025-06-01,00000000-0000-0000-0000-00000000002a
eff5e8e5-494c-409c-a458-8eb3a326b1dc,transcreation,da-DK,0.1845,USD,per_word,2025-05-01,00000000-0000-0000-0000-000000000031
74bdd000-8b0f-4219-9d99-900031d1c7b2,transcreation,fi-FI,0.2049,USD,per_word,2025-04-15,00000000-0000-0000-0000-00000000002b
c52184b0-860d-4ae2-8fa9-ffda7b3e5f40,transcreation,no-NO,0.1953,USD,per_word,2025-09-18,00000000-0000-0000-0000-00000000002d
592444c0-270e-4ea4-ad2d-00e2aef455f7,transcreation,cs-CZ,0.1523,USD,per_word,2025-12-28,00000000-0000-0000-0000-00000000002d
f85baaba-a465-46da-9423-ac1d4bfe0c08,transcreation,tr-TR,0.1203,USD,per_word,2025-11-16,00000000-0000-0000-0000-000000000031
12abbf10-e490-45bc-9508-4a17a86b54e9,transcreation,el-GR,0.142,USD,per_word,2025-02-05,00000000-0000-0000-0000-000000000029
639fe0d5-47d3-4f2d-8349-5a845bbc1cf2,transcreation,zh-CN,0.144,USD,per_word,2025-05-26,00000000-0000-0000-0000-000000000031
fb2ffd48-c53a-41da-9c75-c11996bbb5fd,transcreation,zh-TW,0.1635,USD,per_word,2025-03-12,00000000-0000-0000-0000-000000000029
d62620a9-91fc-4d9a-acbc-cde13fa25230,transcreation,ja-JP,0.2291,USD,per_word,2025-10-04,00000000-0000-0000-0000-00000000002a
78481b7a-80c0-4f65-9e9a-c0d41d0ec0b6,transcreation,ko-KR,0.2205,USD,per_word,2025-05-17,00000000-0000-0000-0000-00000000002c
75349e75-87cf-4dd4-9f49-5ccc7d491bee,transcreation,th-TH,0.1165,USD,per_word,2025-02-10,00000000-0000-0000-0000-000000000029
5ac73b61-e489-4c2e-8b6d-d931e2fd4c88,transcreation,vi-VN,0.1012,USD,per_word,2025-10-28,00000000-0000-0000-0000-000000000029
7e4a8e1a-11fc-462d-895c-caf8c061194d,transcreation,hi-IN,0.0918,USD,per_word,2025-02-18,00000000-0000-0000-0000-00000000002b
a20acc59-ab2f-44bf-9e08-b8b427c4f480,transcreation,ta-IN,0.0869,USD,per_word,2025-02-17,00000000-0000-0000-0000-000000000032
0b8cc102-7152-4d89-9f5c-f5bd33412515,transcreation,id-ID,0.0996,USD,per_word,2024-12-10,00000000-0000-0000-0000-00000000002c
73a179c6-e8e5-436c-9fcc-cca0d43bdcdd,transcreation,ms-MY,0.1114,USD,per_word,2025-09-27,00000000-0000-0000-0000-00000000002c
2365fc64-daad-45b6-9211-f2bab81085d0,transcreation,ar-SA,0.1685,USD,per_word,2025-07-05,00000000-0000-0000-0000-00000000002b
b3d0a44f-ca8d-43e0-b765-a4fde26d1c37,transcreation,ar-AE,0.163,USD,per_word,2025-05-04,00000000-0000-0000-0000-00000000002b
155c7fc3-f85c-4d4b-8831-c54179ec3ae1,transcreation,he-IL,0.2189,USD,per_word,2025-09-22,00000000-0000-0000-0000-00000000002d
4cd56995-df9a-4fd6-98e2-43f256038138,subtitling,en-US,6.7762,USD,per_minute,2025-04-13,00000000-0000-0000-0000-00000000002b
71e7c292-a239-4959-8aa2-2b86d17e8188,subtitling,en-GB,6.6631,USD,per_minute,2025-10-21,00000000-0000-0000-0000-00000000002b
334f059e-a0e4-4b76-a45f-caa6803a761a,subtitling,en-IN,3.7166,USD,per_minute,2025-07-07,00000000-0000-0000-0000-000000000029
1acb3d6c-c598-45f2-a13f-682dae5d6cbd,subtitling,fr-FR,6.5198,USD,per_minute,2025-01-21,00000000-0000-0000-0000-000000000032
c2c67f89-b0af-49de-a881-4a7e42dddfc2,subtitling,fr-CA,6.0102,USD,per_minute,2025-03-22,00000000-0000-0000-0000-000000000031
fc4816f8-6df9-45e2-ba31-18566dc46b6f,subtitling,de-DE,7.0405,USD,per_minute,2024-12-24,00000000-0000-0000-0000-000000000029
0f41363f-e82c-43d2-9c73-dfb07b613f39,subtitling,de-AT,6.6018,USD,per_minute,2025-08-15,00000000-0000-0000-0000-00000000002a
e4520807-f67c-4041-9149-321c9c2579c9,subtitling,es-ES,6.0703,USD,per_minute,2025-07-16,00000000-0000-0000-0000-000000000031
5c23fac1-df3e-4329-9e4f-df7917d98808,subtitling,es-MX,4.9863,USD,per_minute,2024-12-09,00000000-0000-0000-0000-000000000029
246269ae-70a7-488b-bee8-47827689261a,subtitling,it-IT,6.3743,USD,per_minute,2025-01-17,00000000-0000-0000-0000-00000000002b
7fdf4bf7-6c06-4bc6-adf8-5948539094b8,subtitling,pt-PT,6.4331,USD,per_minute,2025-04-13,00000000-0000-0000-0000-000000000032
b57dffc9-b686-46c5-a0de-5059a41722a9,subtitling,nl-NL,6.5545,USD,per_minute,2024-11-11,00000000-0000-0000-0000-00000000002b
5a67bbd0-0e3b-406d-99c6-6976a2ee873b,subtitling,pl-PL,5.2328,USD,per_minute,2026-01-31,00000000-0000-0000-0000-000000000032
9ad5a394-f60b-4688-8785-57ab740763d0,subtitling,ru-RU,4.5385,USD,per_minute,2026-02-03,00000000-0000-0000-0000-000000000031
9ef038ce-9fb5-44ad-976b-9947f4704c24,subtitling,sv-SE,6.6135,USD,per_minute,2025-02-04,00000000-0000-0000-0000-00000000002c
35702543-c06e-4de0-adcd-568ae90b7fe3,subtitling,da-DK,7.2888,USD,per_minute,2025-01-31,00000000-0000-0000-0000-00000000002c
3da9627d-3b2a-457a-926c-b449630583bf,subtitling,fi-FI,6.7089,USD,per_minute,2026-01-29,00000000-0000-0000-0000-00000000002c
9d3e1435-9bf6-4dda-b132-fb9b4e360b60,subtitling,no-NO,7.1835,USD,per_minute,2025-04-07,00000000-0000-0000-0000-00000000002c
f1bf89f0-c711-43f1-8913-00c0a297599d,subtitling,cs-CZ,5.5858,USD,per_minute,2025-10-03,00000000-0000-0000-0000-00000000002d
ac42b700-8716-43c2-afa2-962c113eceef,subtitling,el-GR,5.358,USD,per_minute,2025-07-24,00000000-0000-0000-0000-00000000002d
57e6cde9-dcbd-4c08-b1cc-6c12fcfb7184,subtitling,zh-TW,6.2319,USD,per_minute,2025-04-11,00000000-0000-0000-0000-00000000002b
0d8a0869-dadf-4670-a77b-bb029c74055c,subtitling,ko-KR,7.5851,USD,per_minute,2025-11-30,00000000-0000-0000-0000-000000000031
8554aa33-7a3b-469b-a9f0-3cf0a3ebe07f,subtitling,th-TH,4.3583,USD,per_minute,2025-03-04,00000000-0000-0000-0000-000000000029
92c49971-48ef-464f-a11d-b0739311447f,subtitling,ms-MY,3.9204,USD,per_minute,2025-09-04,00000000-0000-0000-0000-000000000032
9de51a46-99f9-4ea4-856d-d912edce857a,subtitling,ar-SA,6.3208,USD,per_minute,2024-10-07,00000000-0000-0000-0000-000000000029
3e3e5ef8-bda4-4815-afcb-2a86b8d58bf7,subtitling,ar-AE,6.1653,USD,per_minute,2025-05-10,00000000-0000-0000-0000-000000000032
181e2019-a4f3-414a-9bf0-611312848310,subtitling,he-IL,8.2102,USD,per_minute,2025-09-28,00000000-0000-0000-0000-00000000002c
5dc2552f-f80f-40da-b6e5-57fed0ca0e6b,voiceover,en-US,14.5237,USD,per_minute,2026-02-07,00000000-0000-0000-0000-000000000031
0e85c67c-df13-4dd2-bb95-27983ba9404f,voiceover,en-GB,15.4249,USD,per_minute,2025-07-03,00000000-0000-0000-0000-000000000029
eae722ce-0462-4db3-8aa0-25c846d621bf,voiceover,en-CA,13.1629,USD,per_minute,2025-10-10,00000000-0000-0000-0000-00000000002a
0d1d8030-dddd-4467-a3b6-48c68b16197e,voiceover,en-AU,14.7878,USD,per_minute,2025-11-30,00000000-0000-0000-0000-00000000002d
2c642dfd-44a8-4b6f-aa1e-e6df36f58564,voiceover,en-IN,7.6394,USD,per_minute,2025-10-20,00000000-0000-0000-0000-00000000002b
18d1fcc2-e5e9-4267-8766-0c8194f55409,voiceover,fr-FR,15.0956,USD,per_minute,2025-03-22,00000000-0000-0000-0000-00000000002d
27983d14-2787-4bfb-82ef-3d2df69f2ef4,voiceover,fr-CA,13.608,USD,per_minute,2025-06-07,00000000-0000-0000-0000-00000000002c
b15b9fc6-445a-4b17-b26f-a3562fc120e1,voiceover,de-DE,14.8046,USD,per_minute,2025-02-21,00000000-0000-0000-0000-00000000002a
32c8278a-8845-45d8-b299-883940d28df4,voiceover,de-AT,14.5787,USD,per_minute,2024-10-06,00000000-0000-0000-0000-00000000002a
53ec59c2-3419-42b9-b898-db0e461cbaea,voiceover,es-MX,10.8697,USD,per_minute,2025-06-08,00000000-0000-0000-0000-00000000002a
aa8b4490-ca9d-47e4-98e9-dd64bb85960a,voiceover,it-IT,14.3268,USD,per_minute,2025-06-09,00000000-0000-0000-0000-00000000002b
38f7e989-5f1a-4bc6-a185-745344a1b69e,voiceover,pt-BR,10.7011,USD,per_minute,2025-09-20,00000000-0000-0000-0000-00000000002c
dfed033b-49c7-4459-b816-37ca21e92b15,voiceover,nl-NL,14.8918,USD,per_minute,2025-05-31,00000000-0000-0000-0000-00000000002a
ad414e46-d356-44bd-b95a-95a44590a0fb,voiceover,pl-PL,11.0665,USD,per_minute,2025-10-17,00000000-0000-0000-0000-00000000002a
fb9b6842-17e2-4f5a-b9f2-0573311a4823,voiceover,ru-RU,10.8408,USD,per_minute,2025-02-16,00000000-0000-0000-0000-000000000032
c255d637-0486-491a-a304-a8cd52b97a19,voiceover,sv-SE,14.4653,USD,per_minute,2025-01-07,00000000-0000-0000-0000-000000000032
c71ed5b1-7a14-4020-b019-298150b28243,voiceover,da-DK,15.4884,USD,per_minute,2025-10-26,00000000-0000-0000-0000-000000000031
67c15e70-8272-421a-9a69-78701bd07fdb,voiceover,fi-FI,14.7012,USD,per_minute,2025-06-05,00000000-0000-0000-0000-000000000032
0e8bfc40-11f1-4fb7-85a0-fc7a585582c8,voiceover,no-NO,17.3277,USD,per_minute,2025-06-26,00000000-0000-0000-0000-00000000002a
b7c87dba-f774-438d-9211-066438d9e9e0,voiceover,cs-CZ,10.4841,USD,per_minute,2025-01-08,00000000-0000-0000-0000-000000000032
dbe55288-fafe-4af2-9edf-540a498b62b4,voiceover,tr-TR,9.2974,USD,per_minute,2024-10-08,00000000-0000-0000-0000-000000000031
fe36033f-0496-421e-b3ea-caf421747a24,voiceover,el-GR,11.4703,USD,per_minute,2026-02-11,00000000-0000-0000-0000-00000000002d
f6d432ca-acc4-4704-9d9c-eaf5c3669886,voiceover,zh-CN,12.2759,USD,per_minute,2024-12-04,00000000-0000-0000-0000-000000000031
c55e0de7-9494-4dcf-a8c1-037bc1a01745,voiceover,ja-JP,18.5436,USD,per_minute,2025-07-21,00000000-0000-0000-0000-000000000032
364754c2-2828-465e-a8e7-c15a4c8dcc94,voiceover,ko-KR,15.9466,USD,per_minute,2025-01-03,00000000-0000-0000-0000-00000000002d
46b73b2b-6126-4da0-a07f-0ba7ab9238cc,voiceover,th-TH,9.6267,USD,per_minute,2024-11-28,00000000-0000-0000-0000-000000000029
be6aec92-23de-4183-9709-29095ec8f1e6,voiceover,vi-VN,7.6898,USD,per_minute,2025-07-23,00000000-0000-0000-0000-000000000031
9f56e9bf-eff8-4a6a-b317-1028b49813f0,voiceover,ta-IN,7.3485,USD,per_minute,2026-01-29,00000000-0000-0000-0000-000000000032
6188e7cd-a096-4c91-b581-15356a33191f,voiceover,id-ID,7.3898,USD,per_minute,2025-07-13,00000000-0000-0000-0000-000000000029
d3a37d3e-b120-4180-8de6-cb889f3fc883,voiceover,ms-MY,8.5292,USD,per_minute,2025-08-13,00000000-0000-0000-0000-00000000002c
b80810b1-f70f-4565-9a80-979ec0e56925,voiceover,ar-AE,14.1693,USD,per_minute,2025-03-02,00000000-0000-0000-0000-000000000029
c0392a14-a761-4b8c-a85b-1789bbfa025a,voiceover,he-IL,16.6087,USD,per_minute,2025-07-19,00000000-0000-0000-0000-00000000002a
0c4f1091-8353-47dd-96f1-1b84311e1ae1,dubbing,en-US,30.0613,USD,per_minute,2024-11-20,00000000-0000-0000-0000-000000000029
5e96a530-cee2-410b-9317-8e773549d391,dubbing,en-GB,28.0407,USD,per_minute,2025-09-04,00000000-0000-0000-0000-00000000002d
e5d8c100-85a2-4fde-8e85-35bc105a80fb,dubbing,en-CA,25.2118,USD,per_minute,2024-11-08,00000000-0000-0000-0000-00000000002c
274f46df-1cfa-49f7-9de9-6a99d7450a64,dubbing,en-AU,27.7783,USD,per_minute,2025-08-01,00000000-0000-0000-0000-00000000002b
5208e70e-6fb9-4849-948e-d43e6c674600,dubbing,en-IN,14.7384,USD,per_minute,2025-09-27,00000000-0000-0000-0000-000000000032
2b4838a6-a3dc-415d-ac16-460eaba87aed,dubbing,fr-FR,29.1838,USD,per_minute,2025-09-17,00000000-0000-0000-0000-00000000002c
2c8104d2-9250-4733-92e5-c8d08d9aa28f,dubbing,de-DE,31.4163,USD,per_minute,2025-09-04,00000000-0000-0000-0000-000000000029
84a81abf-6ea1-482f-8a97-b2209fae590e,dubbing,es-ES,26.7897,USD,per_minute,2025-08-28,00000000-0000-0000-0000-00000000002c
765dc4ea-a1fb-4fd0-a04e-09070b73b1a9,dubbing,it-IT,26.5033,USD,per_minute,2025-03-07,00000000-0000-0000-0000-00000000002a
1b01f5ae-544b-4020-ac71-654e1d9639d7,dubbing,pt-PT,26.8945,USD,per_minute,2025-02-25,00000000-0000-0000-0000-00000000002b
2000bbf2-4dd8-462d-ba9d-e3d469c95d84,dubbing,pt-BR,23.0762,USD,per_minute,2025-09-24,00000000-0000-0000-0000-00000000002b
3b82d5fc-e1d1-4aae-95d3-a2a2e67800f1,dubbing,pl-PL,22.3778,USD,per_minute,2024-11-11,00000000-0000-0000-0000-00000000002a
5f5e02e6-238e-4751-897f-356be6ec70f0,dubbing,ru-RU,20.7716,USD,per_minute,2025-03-15,00000000-0000-0000-0000-00000000002a
7df32a0d-c01b-4d26-8a74-92af35ff101c,dubbing,sv-SE,28.7861,USD,per_minute,2026-02-05,00000000-0000-0000-0000-000000000031
5373739c-3d56-4f1f-beb6-90b6133d4ea6,dubbing,da-DK,31.1706,USD,per_minute,2026-01-30,00000000-0000-0000-0000-00000000002d
be35cf4d-0830-4cd8-84ac-2c3772475a2d,dubbing,no-NO,31.0125,USD,per_minute,2024-10-21,00000000-0000-0000-0000-000000000029
dc877d1a-49e4-4cfd-8dc2-7e0e75e1f5a2,dubbing,el-GR,25.3844,USD,per_minute,2025-01-01,00000000-0000-0000-0000-00000000002a
dd303da8-e711-422e-b4bf-b029aa895e17,dubbing,zh-CN,24.9966,USD,per_minute,2026-02-09,00000000-0000-0000-0000-00000000002d
0351de55-4bfc-4cb9-a08e-466004e824e8,dubbing,zh-TW,24.8305,USD,per_minute,2025-03-14,00000000-0000-0000-0000-000000000031
12a1c745-bcee-4154-9185-ac8f6cd3c0da,dubbing,ja-JP,33.1006,USD,per_minute,2025-04-29,00000000-0000-0000-0000-000000000031
bdadda85-862c-4e2a-b107-c330c28490da,dubbing,ko-KR,33.0376,USD,per_minute,2025-04-24,00000000-0000-0000-0000-000000000029
35db5964-6993-4464-bb7b-bbb13a74640f,dubbing,vi-VN,14.385,USD,per_minute,2025-02-07,00000000-0000-0000-0000-000000000032
9ecaaa53-b3d4-4250-8d9d-e9605e76b135,dubbing,hi-IN,14.6105,USD,per_minute,2025-12-17,00000000-0000-0000-0000-00000000002a
3fd75eb9-01a2-4dba-a497-5e3c20033219,dubbing,id-ID,16.3101,USD,per_minute,2025-05-25,00000000-0000-0000-0000-00000000002b
23808646-efcf-49c4-826c-d308170c6d42,dubbing,ms-MY,16.8496,USD,per_minute,2025-08-15,00000000-0000-0000-0000-000000000029
7c4e4285-03e5-4fd6-92a2-6e9224a32cb4,dubbing,ar-SA,26.3533,USD,per_minute,2024-10-27,00000000-0000-0000-0000-00000000002c
6c4f1ac3-b187-4014-90b5-a340c7455239,dubbing,ar-AE,25.0296,USD,per_minute,2025-02-25,00000000-0000-0000-0000-00000000002b
3dcdacfe-071e-4325-8331-46460238ab98,dubbing,he-IL,33.5178,USD,per_minute,2024-10-15,00000000-0000-0000-0000-000000000031
f8d0263e-2294-4ec2-97a9-08052498bcc7,transcription,en-US,2.1082,USD,per_minute,2024-12-21,00000000-0000-0000-0000-000000000032
23174c06-da6d-4ef3-ba54-00455c22e883,transcription,en-GB,2.3293,USD,per_minute,2024-11-17,00000000-0000-0000-0000-00000000002c
d937abbd-1cdf-42bc-b29f-0b33061fd4d4,transcription,fr-FR,2.4328,USD,per_minute,2025-06-13,00000000-0000-0000-0000-000000000031
476e3f5e-deb8-42fc-abfa-9af55ef5a64b,transcription,fr-CA,2.2723,USD,per_minute,2025-05-01,00000000-0000-0000-0000-000000000029
6a81ed35-7419-4b9a-87eb-85ec84df1b82,transcription,de-DE,2.4092,USD,per_minute,2025-05-22,00000000-0000-0000-0000-00000000002a
8a969a13-1385-49a2-ac26-ca82671c00ff,transcription,de-AT,2.2584,USD,per_minute,2025-08-03,00000000-0000-0000-0000-00000000002a
33cb79a8-c7ad-45c2-aa0c-be011ab76aa9,transcription,es-ES,1.9684,USD,per_minute,2024-11-05,00000000-0000-0000-0000-000000000032
6c7fd584-677b-45ff-b54b-4220d3bfd3c5,transcription,it-IT,2.3013,USD,per_minute,2025-02-14,00000000-0000-0000-0000-000000000029
9e150cef-383c-4b01-8f62-18b4e8a3bbf5,transcription,pt-PT,2.1656,USD,per_minute,2025-12-03,00000000-0000-0000-0000-00000000002a
2c18dd07-0ec9-4b5f-93c7-31a78f7e5988,transcription,pt-BR,1.805,USD,per_minute,2025-12-18,00000000-0000-0000-0000-00000000002c
f386581f-4077-44b8-806c-d60e58ff825e,transcription,nl-NL,2.3042,USD,per_minute,2025-03-20,00000000-0000-0000-0000-00000000002a
96227c15-2bba-470d-937d-a19565102039,transcription,ru-RU,1.7643,USD,per_minute,2025-12-20,00000000-0000-0000-0000-00000000002c
8984eb24-0c21-433e-9b0a-ca4c35aefe52,transcription,da-DK,2.3747,USD,per_minute,2025-12-13,00000000-0000-0000-0000-000000000029
5e23ce58-dcfe-412b-87ad-2cfd321751c0,transcription,fi-FI,2.3496,USD,per_minute,2025-05-31,00000000-0000-0000-0000-000000000031
7b711c0c-d70d-4966-b3f0-a39d96755e39,transcription,cs-CZ,1.8975,USD,per_minute,2025-11-10,00000000-0000-0000-0000-000000000029
5a4203b6-179c-4df1-8cd4-8bffe11c74ad,transcription,el-GR,2.0091,USD,per_minute,2024-12-04,00000000-0000-0000-0000-00000000002a
152b19f3-6377-487d-80b5-34bf6e79e0f6,transcription,zh-TW,1.8534,USD,per_minute,2025-12-07,00000000-0000-0000-0000-00000000002b
33aa645e-c970-4489-9cb9-0b31c4ccb235,transcription,ja-JP,2.9306,USD,per_minute,2024-10-08,00000000-0000-0000-0000-000000000031
fb98bb78-5ede-45f4-9760-627309ee51a3,transcription,ko-KR,2.6802,USD,per_minute,2026-02-09,00000000-0000-0000-0000-00000000002c
18f88f06-7198-4de5-8a18-6dc4ae79c067,transcription,th-TH,1.4944,USD,per_minute,2025-02-13,00000000-0000-0000-0000-000000000032
102372f6-6319-494f-be09-e5ea4282b37a,transcription,hi-IN,1.0261,USD,per_minute,2025-03-18,00000000-0000-0000-0000-000000000029
f09bec33-e578-4f50-bebd-a28467a3ba6b,transcription,ar-SA,2.2196,USD,per_minute,2025-06-07,00000000-0000-0000-0000-000000000029
9ee0682f-cc2d-4959-beaa-9020712729b1,transcription,ar-AE,2.1293,USD,per_minute,2025-01-29,00000000-0000-0000-0000-000000000031
2dcf7e50-c52f-4be1-9d22-d018881b8a1c,transcription,he-IL,2.5502,USD,per_minute,2025-01-25,00000000-0000-0000-0000-000000000031
b1804750-39fb-48b6-8c82-a7187f53ce26,interpretation,en-US,69.9747,USD,per_hour,2025-10-25,00000000-0000-0000-0000-000000000031
b341d655-fb4c-48ab-a172-18af194d701c,interpretation,en-GB,63.8875,USD,per_hour,2024-12-25,00000000-0000-0000-0000-000000000031
3351db52-235f-4614-8ce1-fa2048b61ce5,interpretation,en-CA,57.096,USD,per_hour,2025-03-16,00000000-0000-0000-0000-000000000029
2cc08f0d-52b1-492d-acb4-b1f5ae457352,interpretation,en-AU,63.528,USD,per_hour,2025-05-09,00000000-0000-0000-0000-00000000002c
61a472fd-bb1f-4db4-ba94-89c629857aa7,interpretation,en-IN,35.2469,USD,per_hour,2025-09-15,00000000-0000-0000-0000-000000000029
30ddb8f2-13de-473b-81e3-e4db10cfac27,interpretation,fr-FR,64.7018,USD,per_hour,2025-08-09,00000000-0000-0000-0000-000000000029
38f7db0b-a31b-445f-b85a-48e292feac8e,interpretation,fr-CA,66.9046,USD,per_hour,2025-06-12,00000000-0000-0000-0000-00000000002a
f949b78c-2d45-41cc-8f8b-6947e4814647,interpretation,de-DE,71.0556,USD,per_hour,2025-02-08,00000000-0000-0000-0000-00000000002b
e9e8c916-7286-41eb-a905-7a15a77fec55,interpretation,de-AT,64.6896,USD,per_hour,2025-11-16,00000000-0000-0000-0000-00000000002b
e9cdecf5-9e88-405e-8886-1ecdffa59af8,interpretation,es-ES,63.5048,USD,per_hour,2024-12-20,00000000-0000-0000-0000-00000000002d
436336d4-53ca-44d3-9dda-d94209fa76d1,interpretation,es-MX,47.5454,USD,per_hour,2025-07-28,00000000-0000-0000-0000-000000000032
babb3ba9-1b2a-426c-ab71-5d288530f175,interpretation,es-AR,44.949,USD,per_hour,2025-02-06,00000000-0000-0000-0000-00000000002b
df558056-bf52-4509-b349-c145a61eb127,interpretation,it-IT,61.8719,USD,per_hour,2025-04-15,00000000-0000-0000-0000-000000000029
a4d1b675-0a3e-4b02-b035-54016dc77db1,interpretation,pt-PT,59.1536,USD,per_hour,2025-07-20,00000000-0000-0000-0000-000000000032
86179d7b-5fc7-4245-b3ed-df32a1145fb9,interpretation,pt-BR,56.0992,USD,per_hour,2025-03-01,00000000-0000-0000-0000-00000000002d
b6d107e6-bca9-40e0-87da-07b932217c77,interpretation,nl-NL,69.9779,USD,per_hour,2025-02-18,00000000-0000-0000-0000-00000000002d
573a38a6-159a-47ca-b137-536feedfce3b,interpretation,pl-PL,53.5459,USD,per_hour,2025-10-17,00000000-0000-0000-0000-00000000002d
682994c0-0478-4689-8cdb-ea256f76064e,interpretation,ru-RU,50.6623,USD,per_hour,2025-12-01,00000000-0000-0000-0000-000000000032
ef0f28cf-83f2-401b-b0bd-652a949a4e6e,interpretation,sv-SE,68.4126,USD,per_hour,2025-11-15,00000000-0000-0000-0000-000000000032
a658901d-1c96-41e1-8519-33d69dc3822e,interpretation,da-DK,67.9551,USD,per_hour,2025-02-06,00000000-0000-0000-0000-000000000031
daa041cd-ffda-4e32-b5ac-bf31dfd5c403,interpretation,fi-FI,74.5599,USD,per_hour,2025-09-14,00000000-0000-0000-0000-000000000029
aaf03677-77dc-4faf-ab3c-395e8acb4079,interpretation,no-NO,69.9321,USD,per_hour,2025-08-18,00000000-0000-0000-0000-000000000031
d4589e0c-ab7d-49cb-9117-070b8fc4ed30,interpretation,cs-CZ,54.4012,USD,per_hour,2024-10-18,00000000-0000-0000-0000-00000000002a
cb686510-d20f-4a80-ba44-93333c6aac78,interpretation,tr-TR,42.8167,USD,per_hour,2026-01-09,00000000-0000-0000-0000-000000000032
23002dce-a6d3-4e31-ba38-ac2db686eafa,interpretation,el-GR,54.503,USD,per_hour,2025-01-11,00000000-0000-0000-0000-00000000002c
99da0845-9e5f-4cfe-9adb-c4a444b17cb3,interpretation,zh-CN,58.5779,USD,per_hour,2025-04-06,00000000-0000-0000-0000-00000000002a
f8ad61bb-c73e-48c0-b554-96f1aa6b4447,interpretation,zh-TW,56.3709,USD,per_hour,2024-12-24,00000000-0000-0000-0000-000000000032
5189dd2c-4e2f-4f23-ba30-776c57ad5227,interpretation,ja-JP,87.0244,USD,per_hour,2026-02-08,00000000-0000-0000-0000-000000000029
41a02b15-2d2f-478c-afb0-2cbd0ff77f6e,interpretation,ko-KR,79.1799,USD,per_hour,2025-11-16,00000000-0000-0000-0000-00000000002d
7f2bbdc0-e5d6-45cf-a96f-00b1a6600f02,interpretation,th-TH,39.379,USD,per_hour,2025-10-22,00000000-0000-0000-0000-00000000002c
44ff3668-324e-442e-953d-25f380849a02,interpretation,vi-VN,37.0325,USD,per_hour,2025-04-22,00000000-0000-0000-0000-000000000029
e416c348-bad8-4ba1-92db-1dae5a26ccc0,interpretation,hi-IN,31.802,USD,per_hour,2025-11-09,00000000-0000-0000-0000-00000000002b
51b0c3b9-384a-4511-9797-1a40bf632efb,interpretation,ta-IN,32.6902,USD,per_hour,2025-05-21,00000000-0000-0000-0000-000000000032
b3dc4098-f2d3-45b0-86dd-9689cd7aa4dd,interpretation,id-ID,36.7358,USD,per_hour,2025-07-27,00000000-0000-0000-0000-00000000002b
b18bee7b-d8c3-4bd5-885f-52fd9f5dc656,interpretation,ms-MY,41.7474,USD,per_hour,2024-11-25,00000000-0000-0000-0000-000000000031
18f67b3e-53a5-490f-957d-5c34242749c3,interpretation,ar-SA,57.0572,USD,per_hour,2025-12-27,00000000-0000-0000-0000-00000000002a
ac56a693-24b7-4c1b-b4ac-ba45c463642c,interpretation,ar-AE,62.8376,USD,per_hour,2025-08-28,00000000-0000-0000-0000-00000000002d
ab8b3837-ed73-4b4c-a475-c670b8c4a0c7,interpretation,he-IL,77.5541,USD,per_hour,2025-09-24,00000000-0000-0000-0000-000000000032
4ae9274f-7915-41fb-b482-15cbc8b61e1f,localization_engineering,en-US,51.6267,USD,per_hour,2024-10-24,00000000-0000-0000-0000-00000000002d
1c707ae9-d070-43db-a148-e0786f583615,localization_engineering,en-GB,57.6819,USD,per_hour,2024-11-19,00000000-0000-0000-0000-00000000002c
7e9e0b35-5f73-4d0a-b5c6-3ba47a2cc2ad,localization_engineering,en-AU,54.5921,USD,per_hour,2025-09-09,00000000-0000-0000-0000-000000000031
c141abb5-fa64-4db9-b35a-8faeedb2c485,localization_engineering,fr-FR,58.557,USD,per_hour,2025-10-08,00000000-0000-0000-0000-00000000002c
ab20918f-a07b-4470-8d56-1380984b9120,localization_engineering,fr-CA,56.3633,USD,per_hour,2025-12-01,00000000-0000-0000-0000-00000000002b
799d9e91-b732-4da1-a4c2-09225bc8f0bb,localization_engineering,de-DE,64.75,USD,per_hour,2025-02-21,00000000-0000-0000-0000-00000000002d
73103627-1be1-4f1f-9480-e4dfdc3fb405,localization_engineering,de-AT,56.7129,USD,per_hour,2025-05-16,00000000-0000-0000-0000-00000000002c
7bb9c290-d5a7-41d6-bc4b-d694b43eb366,localization_engineering,es-MX,42.4755,USD,per_hour,2025-07-06,00000000-0000-0000-0000-000000000031
28456de3-e369-49e6-87f7-be72803f1edc,localization_engineering,es-AR,37.8725,USD,per_hour,2025-01-06,00000000-0000-0000-0000-00000000002d
aa081b67-6cab-466a-9e36-e9db52e433de,localization_engineering,it-IT,57.8529,USD,per_hour,2024-11-16,00000000-0000-0000-0000-000000000031
3b001878-04af-4a4d-a6d5-b6b4285407b3,localization_engineering,pt-PT,53.4162,USD,per_hour,2026-02-10,00000000-0000-0000-0000-00000000002d
70ea24f7-bcef-4c50-86ec-82001ef675c9,localization_engineering,pt-BR,42.8279,USD,per_hour,2024-12-04,00000000-0000-0000-0000-000000000029
bda66bf6-fca2-4e66-9af6-83aff5f6c34f,localization_engineering,nl-NL,53.764,USD,per_hour,2025-10-27,00000000-0000-0000-0000-00000000002a
0fbae4c6-824a-48c3-a58e-b8564820eb66,localization_engineering,pl-PL,42.0003,USD,per_hour,2025-12-20,00000000-0000-0000-0000-00000000002c
536d7231-8729-4de0-9c37-c1b912badb12,localization_engineering,ru-RU,38.9239,USD,per_hour,2026-01-05,00000000-0000-0000-0000-00000000002a
15f85043-8822-4550-9a40-a85b2b91bd78,localization_engineering,sv-SE,63.9694,USD,per_hour,2024-12-14,00000000-0000-0000-0000-00000000002c
4fda6d07-7f52-4a99-bfea-cdda1ffaa079,localization_engineering,da-DK,63.3896,USD,per_hour,2024-11-26,00000000-0000-0000-0000-000000000031
bd9d02d1-cd4e-4ae7-a925-76f10466a624,localization_engineering,fi-FI,56.9359,USD,per_hour,2025-04-02,00000000-0000-0000-0000-000000000029
730cc3c8-e198-48c0-8433-c4020bcf0c84,localization_engineering,no-NO,64.1492,USD,per_hour,2024-10-09,00000000-0000-0000-0000-00000000002c
7341f8a6-a386-4460-a2bf-51e437788aff,localization_engineering,cs-CZ,41.3724,USD,per_hour,2025-05-04,00000000-0000-0000-0000-00000000002a
dcc091c4-ab12-499b-af86-bc9a72c81248,localization_engineering,tr-TR,35.8115,USD,per_hour,2025-05-18,00000000-0000-0000-0000-000000000029
2fe373c8-942f-49d7-8761-d4563186bd18,localization_engineering,el-GR,47.4506,USD,per_hour,2025-05-20,00000000-0000-0000-0000-00000000002a
85f49a70-1394-4c6a-ac5d-b75f49a526fc,localization_engineering,zh-CN,47.611,USD,per_hour,2025-10-08,00000000-0000-0000-0000-000000000029
29f6c384-5e65-4cd4-96a4-fe1661ba0c85,localization_engineering,ja-JP,66.5679,USD,per_hour,2025-08-26,00000000-0000-0000-0000-00000000002d
6b7461b1-f448-4f24-8b13-3f0d5897951d,localization_engineering,ko-KR,63.0373,USD,per_hour,2025-04-24,00000000-0000-0000-0000-00000000002b
114be365-0419-418f-8db7-36a952f7881c,localization_engineering,vi-VN,32.233,USD,per_hour,2024-11-07,00000000-0000-0000-0000-00000000002d
2012063c-c927-42d8-9287-17a0d74dc7af,localization_engineering,hi-IN,25.9527,USD,per_hour,2024-12-04,00000000-0000-0000-0000-000000000032
5b8f9954-984b-482f-80c7-a6852cd085b7,localization_engineering,ta-IN,27.8756,USD,per_hour,2025-09-30,00000000-0000-0000-0000-000000000032
2b51b4c7-4751-4894-84a6-5eaf88710ded,localization_engineering,id-ID,30.7214,USD,per_hour,2025-02-28,00000000-0000-0000-0000-00000000002b
1f34d386-90fd-4e46-b339-925e22070a7b,localization_engineering,ms-MY,32.6315,USD,per_hour,2025-11-11,00000000-0000-0000-0000-000000000031
d6304e7b-a629-4fd5-acae-12d3433dd128,localization_engineering,ar-SA,53.5434,USD,per_hour,2025-12-24,00000000-0000-0000-0000-000000000029
fd1515a7-fe6b-4a75-921d-54ff7d8b66cb,localization_engineering,ar-AE,55.3055,USD,per_hour,2025-05-09,00000000-0000-0000-0000-00000000002b
0697e768-30d6-4af7-a585-b4dd5c200fbd,localization_engineering,he-IL,65.0899,USD,per_hour,2025-11-28,00000000-0000-0000-0000-00000000002b
54c2a469-25a9-45e2-a4fa-0a3a0631269d,dtp,en-US,9.3306,USD,per_page,2025-03-10,00000000-0000-0000-0000-00000000002b
7674c82e-a88d-4a00-8248-1b230607f83b,dtp,en-GB,9.0794,USD,per_page,2026-02-01,00000000-0000-0000-0000-00000000002c
1b4d53c8-7b67-454e-a5fb-c123db39574c,dtp,en-CA,8.5148,USD,per_page,2024-11-16,00000000-0000-0000-0000-000000000029
a75f2802-c627-4f7b-86d9-0194336f624f,dtp,en-AU,8.9019,USD,per_page,2025-10-17,00000000-0000-0000-0000-000000000031
4226eb15-b018-4a52-8530-3ceb038a8ca1,dtp,en-IN,4.6571,USD,per_page,2024-10-31,00000000-0000-0000-0000-00000000002a
ae842e81-7bd6-4095-a734-4f26453022e6,dtp,fr-CA,9.2448,USD,per_page,2025-04-29,00000000-0000-0000-0000-000000000032
f798e1d1-fccb-4c6b-a80f-c2a696412596,dtp,de-DE,10.5987,USD,per_page,2025-05-05,00000000-0000-0000-0000-000000000029
30fe4d57-215e-4e0b-b22f-8dc6a9639762,dtp,de-AT,9.0224,USD,per_page,2025-02-25,00000000-0000-0000-0000-00000000002a
7577ad74-2a79-47a9-9a0c-d32562fa5018,dtp,es-ES,8.0077,USD,per_page,2025-06-17,00000000-0000-0000-0000-00000000002c
f4e1a54f-f762-440d-9ce3-abeed24c7f21,dtp,es-MX,6.7308,USD,per_page,2025-12-08,00000000-0000-0000-0000-00000000002d
ea744e03-e114-4552-80fa-14bcf7ed4b8a,dtp,es-AR,6.3567,USD,per_page,2024-11-28,00000000-0000-0000-0000-000000000029
3278ae47-be54-4a74-af9f-2771df608b73,dtp,it-IT,8.6057,USD,per_page,2025-05-08,00000000-0000-0000-0000-000000000029
5b7b1592-c7a0-4efc-bcbf-999e20d6635f,dtp,pt-PT,8.9158,USD,per_page,2025-08-15,00000000-0000-0000-0000-00000000002a
87a8bc6b-5044-42cd-8025-a47de6776680,dtp,pt-BR,7.2654,USD,per_page,2025-08-08,00000000-0000-0000-0000-000000000031
7583dbc5-ff03-4360-ae91-eadeb7a46e12,dtp,nl-NL,9.0984,USD,per_page,2025-01-01,00000000-0000-0000-0000-000000000032
a9c309b8-9ce8-430f-809c-2a3e72c21153,dtp,pl-PL,6.98,USD,per_page,2025-03-23,00000000-0000-0000-0000-000000000032
75477ad6-7b68-4fa1-a6bb-e5259032f702,dtp,ru-RU,7.1495,USD,per_page,2025-07-17,00000000-0000-0000-0000-000000000031
40b5fc53-261f-42a4-84aa-9ebc56a66f82,dtp,sv-SE,9.3327,USD,per_page,2025-08-21,00000000-0000-0000-0000-00000000002d
7f4a248a-56eb-4754-8407-3129e774ff1e,dtp,da-DK,9.9483,USD,per_page,2025-04-11,00000000-0000-0000-0000-00000000002b
96c4d4ff-fb6b-419f-a8f7-12a264e06292,dtp,fi-FI,9.3573,USD,per_page,2025-03-09,00000000-0000-0000-0000-000000000031
372a85ce-f12c-4bd6-850d-d2ad0e20db2e,dtp,no-NO,11.081,USD,per_page,2025-08-02,00000000-0000-0000-0000-00000000002d
cb4972d7-25ff-42e7-8ab7-b354eca0c037,dtp,tr-TR,6.5565,USD,per_page,2024-10-26,00000000-0000-0000-0000-000000000031
e468c84c-377f-4ed1-9968-bc81e1266ad8,dtp,el-GR,7.5804,USD,per_page,2025-05-06,00000000-0000-0000-0000-00000000002b
980dd21e-69c4-4ba8-8bf4-56d99219af6b,dtp,zh-CN,7.545,USD,per_page,2025-01-19,00000000-0000-0000-0000-000000000029
c0514e88-8786-4dfc-8c67-39dae6480f85,dtp,zh-TW,7.8993,USD,per_page,2024-11-26,00000000-0000-0000-0000-000000000032
a066fff6-8485-4ff2-93c3-0b78200cb74b,dtp,ja-JP,11.4176,USD,per_page,2025-06-27,00000000-0000-0000-0000-000000000031
f15ca429-ba3a-453c-8f03-af6f99873b7e,dtp,ko-KR,9.8872,USD,per_page,2025-08-03,00000000-0000-0000-0000-00000000002d
a67bffbf-7ca8-4eed-9cba-0d5b2836454f,dtp,th-TH,5.6641,USD,per_page,2025-01-17,00000000-0000-0000-0000-000000000029
34257408-bda5-4aa3-8e09-dd0160347d4b,dtp,vi-VN,4.7564,USD,per_page,2025-03-17,00000000-0000-0000-0000-00000000002d
9fd2ff01-6d12-4046-beed-67c3c3c6832d,dtp,hi-IN,4.6779,USD,per_page,2024-12-29,00000000-0000-0000-0000-00000000002c
6596df37-3e2d-4133-9be3-5406e9c5561e,dtp,ta-IN,4.6466,USD,per_page,2025-06-14,00000000-0000-0000-0000-00000000002a
6433e1ef-fc5e-484f-886d-7926c52b0e4c,dtp,ar-SA,9.0449,USD,per_page,2024-10-22,00000000-0000-0000-0000-00000000002b
aacbc3cf-ac9a-4d0c-adb8-5677fa09bae4,dtp,ar-AE,9.1262,USD,per_page,2025-12-16,00000000-0000-0000-0000-000000000032
8ae75ad5-b814-4717-a547-e48694567c9f,dtp,he-IL,10.9268,USD,per_page,2025-09-29,00000000-0000-0000-0000-000000000031
ca30413c-ad34-43b0-a310-0730664c5168,qa_testing,en-US,37.5371,USD,per_hour,2024-10-11,00000000-0000-0000-0000-000000000032
e980d052-0f5a-431f-a34e-4e68896318e5,qa_testing,en-GB,45.008,USD,per_hour,2025-05-24,00000000-0000-0000-0000-000000000029
a1d22133-dcbb-4711-930f-f31bf4f87d45,qa_testing,en-CA,37.1601,USD,per_hour,2025-05-12,00000000-0000-0000-0000-000000000029
15f4a74f-79b3-4154-b2fa-dc6922c33b74,qa_testing,en-AU,39.5883,USD,per_hour,2025-04-24,00000000-0000-0000-0000-00000000002a
430d07fb-bd12-4575-9b93-fa7e9f771830,qa_testing,en-IN,23.3042,USD,per_hour,2025-10-17,00000000-0000-0000-0000-000000000032
9ffa80dd-f3e8-4c0d-b9c2-edb452520020,qa_testing,fr-FR,43.8757,USD,per_hour,2024-11-09,00000000-0000-0000-0000-00000000002a
87014a5a-4fe0-482f-8425-65ce34de615c,qa_testing,fr-CA,40.1959,USD,per_hour,2025-01-08,00000000-0000-0000-0000-000000000029
f7146e33-2916-42cd-8e73-441d6e0663f8,qa_testing,de-DE,45.6007,USD,per_hour,2025-11-24,00000000-0000-0000-0000-000000000031
d7ef7493-acf5-4436-a39f-f44165a85af8,qa_testing,de-AT,41.3771,USD,per_hour,2024-12-14,00000000-0000-0000-0000-000000000032
a3f9aa85-a531-4fca-b338-8fbdc05ad127,qa_testing,es-ES,38.6226,USD,per_hour,2025-10-25,00000000-0000-0000-0000-000000000029
d5ec8fc0-6405-46f0-b45f-f82955140eb3,qa_testing,es-MX,28.4503,USD,per_hour,2025-10-31,00000000-0000-0000-0000-000000000031
fa813b4e-9aa9-4891-a25f-2a86c0b86cda,qa_testing,es-AR,29.1399,USD,per_hour,2025-10-25,00000000-0000-0000-0000-00000000002a
55814a62-5ccd-45fc-83d8-b1401d5c1897,qa_testing,it-IT,42.7146,USD,per_hour,2025-07-17,00000000-0000-0000-0000-000000000031
f6f7a80e-5317-481b-a36e-bce570805d0b,qa_testing,pt-PT,38.7571,USD,per_hour,2025-12-17,00000000-0000-0000-0000-000000000031
f860c699-43cd-43d7-8a1e-0a2e3c618437,qa_testing,pt-BR,31.6916,USD,per_hour,2025-05-29,00000000-0000-0000-0000-00000000002b
d5a86e5d-6367-4176-976d-aa934099b5db,qa_testing,nl-NL,43.9913,USD,per_hour,2025-07-30,00000000-0000-0000-0000-00000000002d
fb85e658-33a7-48d3-a774-cf26d72ed583,qa_testing,pl-PL,29.8199,USD,per_hour,2025-05-25,00000000-0000-0000-0000-00000000002b
87416fab-80d7-4963-a5c5-03b144f41af0,qa_testing,ru-RU,29.3699,USD,per_hour,2025-02-24,00000000-0000-0000-0000-00000000002d
cfdeafc5-e80a-471d-a42a-41cbd42001f0,qa_testing,sv-SE,47.3607,USD,per_hour,2024-11-16,00000000-0000-0000-0000-00000000002a
8014c611-d69a-44e0-b586-516675cc18a5,qa_testing,da-DK,43.1868,USD,per_hour,2025-07-25,00000000-0000-0000-0000-00000000002a
4981d9a0-c506-438c-bfc5-72493f355841,qa_testing,no-NO,42.6219,USD,per_hour,2026-01-09,00000000-0000-0000-0000-000000000029
cb8caf87-2a0c-4c4a-bbc7-6c4b16ef1495,qa_testing,cs-CZ,30.4038,USD,per_hour,2025-08-06,00000000-0000-0000-0000-00000000002b
7a49193d-f8ab-42d8-b4fc-93d0f5739e10,qa_testing,tr-TR,30.0506,USD,per_hour,2025-05-19,00000000-0000-0000-0000-00000000002d
b3b5b818-d2d2-4926-8a0f-1b028cf42756,qa_testing,el-GR,35.8353,USD,per_hour,2025-10-01,00000000-0000-0000-0000-00000000002d
180129a6-48f7-4eae-8717-620bba967557,qa_testing,zh-CN,32.2187,USD,per_hour,2025-02-04,00000000-0000-0000-0000-000000000031
2546104a-a94e-4808-b7b4-650e5e775567,qa_testing,zh-TW,35.6511,USD,per_hour,2025-06-25,00000000-0000-0000-0000-00000000002a
139e1884-ed56-4ee9-9c66-a52e3f9d0323,qa_testing,ja-JP,48.9828,USD,per_hour,2025-02-22,00000000-0000-0000-0000-00000000002b
0b2ddda0-c960-4a7c-8032-7c84db038748,qa_testing,ko-KR,44.8104,USD,per_hour,2025-08-03,00000000-0000-0000-0000-00000000002d
54ee2a82-980e-4d89-9f11-26cb7bbe2629,qa_testing,vi-VN,20.472,USD,per_hour,2024-11-18,00000000-0000-0000-0000-00000000002a
e34f71a8-3e9b-408c-ae00-aca27802fb07,qa_testing,ta-IN,20.7159,USD,per_hour,2025-09-02,00000000-0000-0000-0000-00000000002a
2a5aa0c2-35e7-496e-acaf-0ead523f4c2c,qa_testing,ms-MY,24.3177,USD,per_hour,2024-12-12,00000000-0000-0000-0000-000000000032
87197cdb-42ee-4336-bfeb-75be0d7d7c17,qa_testing,ar-SA,38.9488,USD,per_hour,2025-09-05,00000000-0000-0000-0000-00000000002b
6ff97710-cb84-46e4-b283-1d69751a1525,qa_testing,ar-AE,39.2697,USD,per_hour,2024-11-13,00000000-0000-0000-0000-000000000032
44120616-540f-45ba-8fc3-bf50d1b14880,qa_testing,he-IL,49.102,USD,per_hour,2025-03-18,00000000-0000-0000-0000-000000000029
955b3f2c-3792-4b8b-b797-ad14a93b3ff9,content_writing,en-US,0.1239,USD,per_word,2026-01-28,00000000-0000-0000-0000-000000000031
1e95fbc2-cbb6-4d36-84f4-ef751f656014,content_writing,en-AU,0.1233,USD,per_word,2025-06-18,00000000-0000-0000-0000-000000000032
b8ae4015-4d31-4fe7-86e1-881ef746f728,content_writing,en-IN,0.064,USD,per_word,2026-01-30,00000000-0000-0000-0000-00000000002c
b1adbef9-3215-4eb0-9e27-2169dccd985e,content_writing,fr-FR,0.1314,USD,per_word,2025-01-07,00000000-0000-0000-0000-00000000002c
b05a35b9-30f2-46b8-954a-dc532f94cb7a,content_writing,de-DE,0.1277,USD,per_word,2025-11-08,00000000-0000-0000-0000-00000000002d
88b67367-aa69-4e47-bbe7-6de5953296e5,content_writing,de-AT,0.1304,USD,per_word,2025-10-14,00000000-0000-0000-0000-00000000002a
51699490-910a-4b73-abf4-691e12fe16a8,content_writing,es-ES,0.111,USD,per_word,2025-10-28,00000000-0000-0000-0000-00000000002a
b7302f28-85b9-4080-aa7b-6a69802cf007,content_writing,es-MX,0.0882,USD,per_word,2024-12-23,00000000-0000-0000-0000-00000000002c
b60f96e7-7996-4be0-abb5-e42c47c14960,content_writing,it-IT,0.1259,USD,per_word,2024-12-24,00000000-0000-0000-0000-000000000031
7272ff9a-029e-48d2-a9c7-962fc681270a,content_writing,pt-PT,0.1124,USD,per_word,2025-09-12,00000000-0000-0000-0000-000000000031
6a83305d-f8bc-45de-9560-de4ff0ea1f37,content_writing,pt-BR,0.0951,USD,per_word,2025-02-23,00000000-0000-0000-0000-000000000029
88bd854c-b584-418f-b1bd-d533e58e103b,content_writing,nl-NL,0.125,USD,per_word,2025-07-01,00000000-0000-0000-0000-00000000002c
91b07165-4cb3-4bac-89fa-e4e08615bbde,content_writing,pl-PL,0.1007,USD,per_word,2025-05-29,00000000-0000-0000-0000-000000000029
2f62c5ea-810b-4b66-815a-3233ec6aa1cc,content_writing,ru-RU,0.0926,USD,per_word,2025-07-20,00000000-0000-0000-0000-00000000002b
42512652-1630-4780-80d2-a5c66677a441,content_writing,sv-SE,0.1274,USD,per_word,2025-04-14,00000000-0000-0000-0000-00000000002a
2008d997-c465-4e26-b408-5e717e153d59,content_writing,da-DK,0.1418,USD,per_word,2025-11-23,00000000-0000-0000-0000-00000000002c
1ec70ee5-0141-464f-838a-ce120cc4a64f,content_writing,fi-FI,0.1244,USD,per_word,2025-02-06,00000000-0000-0000-0000-00000000002d
84b819f0-5b6c-44d6-9560-67ce5dea6eb8,content_writing,no-NO,0.1463,USD,per_word,2025-07-11,00000000-0000-0000-0000-00000000002d
ca1f349a-3163-4efc-ba6a-8a4020aa7ac1,content_writing,cs-CZ,0.0962,USD,per_word,2024-12-03,00000000-0000-0000-0000-000000000032
54a29efc-c305-4a73-a316-1aaa136f6e45,content_writing,tr-TR,0.0794,USD,per_word,2025-05-19,00000000-0000-0000-0000-00000000002a
d7b4e24c-7aa1-4278-8f3e-6345df007dac,content_writing,el-GR,0.101,USD,per_word,2026-01-28,00000000-0000-0000-0000-00000000002c
5d9318ea-4085-4916-bd02-bd50f82f6446,content_writing,ko-KR,0.1357,USD,per_word,2025-04-10,00000000-0000-0000-0000-00000000002c
19bc10ce-5fc0-4da6-bc83-5ef2d2a13355,content_writing,th-TH,0.0728,USD,per_word,2025-01-23,00000000-0000-0000-0000-00000000002d
69445d53-3abe-48af-b5f6-0af48d8deafe,content_writing,vi-VN,0.0618,USD,per_word,2025-10-01,00000000-0000-0000-0000-000000000031
e90bcf2e-764b-4a8c-b463-394ead0a8c6a,content_writing,hi-IN,0.0566,USD,per_word,2024-10-20,00000000-0000-0000-0000-000000000032
73f29472-4287-4d62-a20b-21500e100710,content_writing,id-ID,0.0695,USD,per_word,2025-10-24,00000000-0000-0000-0000-000000000031
bfbb8f15-f5c2-40b4-970b-179a9725c601,content_writing,ms-MY,0.0733,USD,per_word,2026-01-07,00000000-0000-0000-0000-00000000002d
325c9bf2-2451-4fa4-8c1c-bd6d43dba2c9,content_writing,ar-SA,0.1088,USD,per_word,2024-12-16,00000000-0000-0000-0000-00000000002a
cdfe5241-e1c2-453a-8ebc-d5fb8be2186b,content_writing,he-IL,0.1422,USD,per_word,2025-11-02,00000000-0000-0000-0000-000000000032
